City_ID,City,Country,Date,Lat,Lng,Max Temp,Humidity,Cloudiness,Wind Speed,Current Description
0,Saskylakh,RU,2020-11-10 10:22:17,71.92,114.08,6.67,94,100,9.33,overcast clouds
1,Zheleznodorozhnyy,RU,2020-11-10 10:22:17,55.75,38.0,37.4,74,75,15.66,broken clouds
2,Punta Arenas,CL,2020-11-10 10:20:42,-53.15,-70.92,44.6,65,40,9.17,scattered clouds
3,Port Keats,AU,2020-11-10 10:22:17,-14.25,129.55,85.17,74,65,8.97,broken clouds
4,Salina Cruz,MX,2020-11-10 10:22:18,16.17,-95.2,74.73,84,4,5.21,clear sky
5,Yartsevo,RU,2020-11-10 10:20:29,55.07,32.7,38.75,78,90,8.72,overcast clouds
6,Kapaa,US,2020-11-10 10:22:18,22.08,-159.32,78.8,78,90,16.11,overcast clouds
7,Cape Town,ZA,2020-11-10 10:19:08,-33.93,18.42,71.01,42,0,18.34,clear sky
8,Maun,BW,2020-11-10 10:20:30,-19.98,23.42,86.0,40,90,10.29,overcast clouds
9,Yellowknife,CA,2020-11-10 10:22:18,62.46,-114.35,10.4,72,75,25.28,light snow
10,Hamilton,US,2020-11-10 10:19:38,39.18,-84.53,63.0,72,1,8.05,clear sky
11,Nikolskoye,RU,2020-11-10 10:22:19,59.7,30.79,40.44,78,0,11.18,clear sky
12,Vardo,NO,2020-11-10 10:22:19,70.37,31.11,32.0,78,40,18.34,scattered clouds
13,Banda Aceh,ID,2020-11-10 10:22:19,5.56,95.32,82.85,76,97,4.21,moderate rain
14,Carnarvon,AU,2020-11-10 10:22:19,-24.87,113.63,71.6,56,0,20.8,clear sky
15,Berdigestyakh,RU,2020-11-10 10:22:20,62.1,126.7,1.72,93,100,5.55,light snow
16,Hanmer Springs,NZ,2020-11-10 10:22:20,-42.52,172.82,44.02,86,96,0.83,overcast clouds
17,Esperance,AU,2020-11-10 10:22:21,-33.87,121.9,57.2,82,75,33.33,broken clouds
18,Erenhot,CN,2020-11-10 10:22:21,43.65,111.98,43.68,52,0,8.01,clear sky
19,Barrow,US,2020-11-10 10:22:21,71.29,-156.79,8.6,78,1,19.46,clear sky
20,Mabaruma,GY,2020-11-10 10:22:21,8.2,-59.78,69.6,99,23,1.7,few clouds
21,Pazaric,BA,2020-11-10 10:22:21,43.79,18.16,37.4,100,90,1.12,mist
22,Mataura,NZ,2020-11-10 10:22:22,-46.19,168.86,50.0,90,0,1.01,clear sky
23,Urucara,BR,2020-11-10 10:22:22,-2.54,-57.76,73.51,91,100,2.71,light rain
24,Payo,ID,2020-11-10 10:22:23,-3.75,103.64,85.44,70,63,2.35,light rain
25,Hoa Binh,VN,2020-11-10 10:22:23,20.81,105.34,78.8,29,0,5.82,clear sky
26,Iqaluit,CA,2020-11-10 10:22:23,63.75,-68.51,1.4,84,75,9.17,broken clouds
27,Longyearbyen,SJ,2020-11-10 10:18:04,78.22,15.64,23.0,67,75,10.29,light shower snow
28,Ushuaia,AR,2020-11-10 10:20:08,-54.8,-68.3,44.6,65,40,17.22,scattered clouds
29,Port Elizabeth,ZA,2020-11-10 10:22:24,-33.92,25.57,66.2,72,20,14.99,few clouds
30,Osypenko,UA,2020-11-10 10:22:24,46.91,36.83,50.0,53,99,7.0,overcast clouds
31,Airai,TL,2020-11-10 10:22:25,-8.93,125.41,65.57,100,100,2.3,moderate rain
32,Evensk,RU,2020-11-10 10:22:25,61.95,159.23,2.21,85,84,10.04,broken clouds
33,Moron,AR,2020-11-10 10:17:38,-34.65,-58.62,66.0,94,5,6.96,clear sky
34,Qaanaaq,GL,2020-11-10 10:22:25,77.48,-69.36,-4.99,62,0,5.01,clear sky
35,Ruidoso,US,2020-11-10 10:18:03,33.33,-105.67,28.4,54,1,10.29,clear sky
36,Abu Kamal,SY,2020-11-10 10:22:26,34.45,40.92,75.87,41,0,1.57,clear sky
37,Hearst,CA,2020-11-10 10:18:35,49.68,-83.67,46.4,100,100,4.7,light rain
38,Tuktoyaktuk,CA,2020-11-10 10:22:26,69.45,-133.04,-5.73,91,3,10.51,clear sky
39,Hithadhoo,MV,2020-11-10 10:22:27,-0.6,73.08,81.91,78,100,20.49,light rain
40,Kyra,RU,2020-11-10 10:22:27,49.58,111.98,28.15,91,0,1.88,clear sky
41,Mar Del Plata,AR,2020-11-10 10:20:56,-38.0,-57.56,57.2,100,29,5.82,scattered clouds
42,Busselton,AU,2020-11-10 10:22:27,-33.65,115.33,55.0,76,22,3.0,few clouds
43,Saint-Philippe,RE,2020-11-10 10:22:27,-21.36,55.77,80.6,57,40,20.8,scattered clouds
44,Bengkulu,ID,2020-11-10 10:22:28,-3.8,102.27,80.71,83,100,7.74,moderate rain
45,Vaini,TO,2020-11-10 10:22:28,-21.2,-175.2,75.2,88,75,6.93,broken clouds
46,Avera,US,2020-11-10 10:22:28,33.19,-82.53,68.0,86,90,6.93,overcast clouds
47,Hobart,AU,2020-11-10 10:20:02,-42.88,147.33,69.8,60,0,6.93,clear sky
48,Avarua,CK,2020-11-10 10:22:29,-21.21,-159.78,75.2,88,0,13.11,clear sky
49,Sinnamary,GF,2020-11-10 10:22:29,5.38,-52.95,78.21,87,57,9.17,light rain
50,Neiafu,TO,2020-11-10 10:22:29,-18.65,-173.98,77.86,82,85,20.6,light rain
51,La Rochelle,FR,2020-11-10 10:20:04,46.17,-1.15,59.0,82,75,8.05,broken clouds
52,Hermanus,ZA,2020-11-10 10:22:29,-34.42,19.23,70.0,42,1,3.0,clear sky
53,Turukhansk,RU,2020-11-10 10:22:30,65.82,87.98,11.26,96,100,4.16,light snow
54,Port-Gentil,GA,2020-11-10 10:22:30,-0.72,8.78,82.4,83,75,12.75,broken clouds
55,Dakar,SN,2020-11-10 10:22:30,14.69,-17.44,77.0,94,0,1.86,clear sky
56,Lunenburg,CA,2020-11-10 10:22:30,44.38,-64.32,48.2,100,55,6.93,broken clouds
57,Luderitz,NA,2020-11-10 10:22:31,-26.65,15.16,77.76,24,0,27.81,clear sky
58,Antofagasta,CL,2020-11-10 10:22:31,-23.65,-70.4,60.8,77,90,4.7,overcast clouds
59,Portland,US,2020-11-10 10:17:45,45.52,-122.68,43.0,81,75,5.82,broken clouds
60,Valkla,EE,2020-11-10 10:22:31,59.47,25.32,44.6,75,75,3.36,broken clouds
61,Skibbereen,IE,2020-11-10 10:22:31,51.55,-9.27,48.2,93,75,8.05,light intensity drizzle
62,Griffith,US,2020-11-10 10:22:32,41.53,-87.42,68.0,82,90,12.75,overcast clouds
63,Castro,BR,2020-11-10 10:21:03,-24.79,-50.01,62.92,89,100,7.38,light rain
64,Zhob,PK,2020-11-10 10:22:32,31.34,69.45,71.64,19,0,1.36,clear sky
65,Praia Da Vitoria,PT,2020-11-10 10:18:54,38.73,-27.07,62.01,93,90,9.6,mist
66,Thompson,CA,2020-11-10 10:22:32,55.74,-97.86,12.2,92,90,6.93,light snow
67,Jalu,LY,2020-11-10 10:22:33,29.03,21.55,72.21,50,1,9.64,clear sky
68,Baoding,CN,2020-11-10 10:22:33,38.85,115.49,52.97,40,2,1.95,clear sky
69,Uri,IN,2020-11-10 10:22:33,34.08,74.03,65.64,24,100,5.75,overcast clouds
70,Aksu,CN,2020-11-10 10:22:33,41.12,80.26,56.37,29,0,4.41,clear sky
71,Dehloran,IR,2020-11-10 10:22:34,32.69,47.27,81.27,32,6,6.11,clear sky
72,Omboue,GA,2020-11-10 10:22:34,-1.57,9.26,77.04,88,100,6.69,light rain
73,Bluff,NZ,2020-11-10 10:22:34,-46.6,168.33,50.0,90,0,1.01,clear sky
74,Faya,SA,2020-11-10 10:22:35,18.39,42.45,80.6,15,20,4.7,few clouds
75,Chuy,UY,2020-11-10 10:22:35,-33.7,-53.46,63.61,75,96,8.05,overcast clouds
76,Fortuna,US,2020-11-10 10:18:11,40.6,-124.16,37.4,93,90,6.93,overcast clouds
77,Albany,US,2020-11-10 10:22:36,42.6,-73.97,46.0,100,1,1.83,clear sky
78,Ponta Do Sol,PT,2020-11-10 10:22:36,32.67,-17.1,68.0,68,40,5.82,scattered clouds
79,Klaksvik,FO,2020-11-10 10:22:36,62.23,-6.59,50.0,100,99,16.11,mist
80,Ostrovnoy,RU,2020-11-10 10:22:36,68.05,39.51,33.51,89,100,13.49,overcast clouds
81,Sorland,NO,2020-11-10 10:22:37,67.67,12.69,41.0,80,75,11.41,light intensity drizzle
82,Chipinge,ZW,2020-11-10 10:22:37,-20.19,32.62,82.71,47,22,10.49,few clouds
83,Lasa,IT,2020-11-10 10:22:37,46.62,10.7,42.8,75,75,6.93,broken clouds
84,Georgetown,MY,2020-11-10 10:22:37,5.41,100.34,86.0,70,20,4.7,few clouds
85,Road Town,VG,2020-11-10 10:22:37,18.42,-64.62,78.01,94,100,5.99,light rain
86,College,US,2020-11-10 10:22:38,64.86,-147.8,24.8,73,90,5.82,overcast clouds
87,Chokurdakh,RU,2020-11-10 10:22:38,70.63,147.92,-13.92,91,91,2.33,overcast clouds
88,Hobyo,SO,2020-11-10 10:22:38,5.35,48.53,83.79,65,79,18.32,broken clouds
89,Qaqortoq,GL,2020-11-10 10:22:38,60.72,-46.03,26.2,93,51,2.33,broken clouds
90,Port Alfred,ZA,2020-11-10 10:22:38,-33.59,26.89,62.87,69,95,4.65,overcast clouds
91,Rikitea,PF,2020-11-10 10:22:39,-23.12,-134.97,73.85,77,69,15.35,broken clouds
92,Bredasdorp,ZA,2020-11-10 10:22:39,-34.53,20.04,68.0,40,0,5.82,clear sky
93,Provideniya,RU,2020-11-10 10:22:39,64.38,-173.3,34.68,95,100,8.86,light rain
94,Buraydah,SA,2020-11-10 10:22:39,26.33,43.98,84.2,48,75,9.17,dust
95,Asau,RO,2020-11-10 10:22:40,46.43,26.4,42.01,90,100,2.82,overcast clouds
96,Hovd,MN,2020-11-10 10:22:40,48.01,91.64,33.28,74,59,0.89,broken clouds
97,Port Lincoln,AU,2020-11-10 10:22:40,-34.73,135.87,65.68,72,38,25.08,light rain
98,Beyneu,KZ,2020-11-10 10:22:40,45.32,55.2,52.2,60,88,11.5,overcast clouds
99,Nouadhibou,MR,2020-11-10 10:22:41,20.93,-17.03,69.8,77,0,9.17,clear sky
100,Xam Nua,LA,2020-11-10 10:22:41,20.42,104.04,60.55,59,88,2.8,overcast clouds
101,Kerema,PG,2020-11-10 10:22:41,-7.96,145.78,80.1,85,100,11.92,light rain
102,Hasaki,JP,2020-11-10 10:22:41,35.73,140.83,44.6,87,40,4.7,scattered clouds
103,Bethel,US,2020-11-10 10:22:42,41.37,-73.41,54.0,87,1,4.05,clear sky
104,Butaritari,KI,2020-11-10 10:22:42,3.07,172.79,83.26,73,31,5.32,scattered clouds
105,Hilo,US,2020-11-10 10:22:42,19.73,-155.09,73.4,88,90,3.36,moderate rain
106,Coquimbo,CL,2020-11-10 10:22:11,-29.95,-71.34,53.6,93,97,3.36,overcast clouds
107,Santa Isabel Do Rio Negro,BR,2020-11-10 10:22:43,-0.41,-65.02,73.17,98,99,1.34,overcast clouds
108,Tasiilaq,GL,2020-11-10 10:22:43,65.61,-37.64,30.38,95,100,10.54,overcast clouds
109,Cabo San Lucas,MX,2020-11-10 10:22:43,22.89,-109.91,70.0,85,54,1.99,broken clouds
110,Wad Madani,SD,2020-11-10 10:22:44,14.4,33.52,95.9,15,14,13.69,few clouds
111,Namwala,ZM,2020-11-10 10:22:44,-15.75,26.44,102.2,14,0,7.4,clear sky
112,Merauke,ID,2020-11-10 10:22:44,-8.47,140.33,82.42,75,97,17.69,overcast clouds
113,Bom Jesus,BR,2020-11-10 10:22:45,-9.07,-44.36,75.2,65,16,4.41,few clouds
114,Khatanga,RU,2020-11-10 10:22:45,71.97,102.5,3.29,93,100,7.7,overcast clouds
115,Tiksi,RU,2020-11-10 10:22:45,71.69,128.87,-12.21,89,53,6.04,broken clouds
116,Kahului,US,2020-11-10 10:22:45,20.89,-156.47,78.8,61,1,16.11,clear sky
117,Vaasa,FI,2020-11-10 10:22:46,63.1,21.62,37.0,77,0,2.24,clear sky
118,Clyde River,CA,2020-11-10 10:22:46,70.47,-68.59,5.0,84,90,12.75,overcast clouds
119,Ust-Kut,RU,2020-11-10 10:22:46,56.79,105.77,30.78,95,91,4.14,overcast clouds
120,Twentynine Palms,US,2020-11-10 10:22:46,34.14,-116.05,39.99,40,1,4.7,clear sky
121,Kavieng,PG,2020-11-10 10:22:47,-2.57,150.8,82.98,72,51,4.09,broken clouds
122,Kruisfontein,ZA,2020-11-10 10:22:47,-34.0,24.73,66.99,66,51,5.01,broken clouds
123,Cabedelo,BR,2020-11-10 10:22:47,-6.98,-34.83,80.6,83,75,10.29,broken clouds
124,Dingle,PH,2020-11-10 10:22:16,11.0,122.67,78.28,85,100,5.64,moderate rain
125,Baruun-Urt,MN,2020-11-10 10:22:48,46.68,113.28,37.76,64,0,11.92,clear sky
126,Dwarka,IN,2020-11-10 10:22:48,22.24,68.97,85.98,31,0,10.18,clear sky
127,Dudinka,RU,2020-11-10 10:22:48,69.41,86.18,-2.2,84,40,11.18,light snow
128,Labuhan,ID,2020-11-10 10:22:49,-6.88,112.21,85.12,68,100,5.82,light rain
129,Esmeraldas,BR,2020-11-10 10:21:03,-19.76,-44.31,73.4,78,0,5.82,clear sky
130,Fremont,US,2020-11-10 10:20:36,37.55,-121.99,44.6,49,0,1.59,clear sky
131,Northam,GB,2020-11-10 10:22:49,51.03,-4.22,55.99,94,40,7.0,scattered clouds
132,Kaitangata,NZ,2020-11-10 10:22:50,-46.28,169.85,52.0,79,0,8.01,clear sky
133,Severo-Kurilsk,RU,2020-11-10 10:22:50,50.68,156.12,37.13,76,100,13.8,overcast clouds
134,Najran,SA,2020-11-10 10:22:50,17.49,44.13,84.2,23,0,6.93,clear sky
135,Old Saybrook,US,2020-11-10 10:22:50,41.29,-72.38,55.99,100,90,4.7,mist
136,Nanortalik,GL,2020-11-10 10:22:51,60.14,-45.24,28.13,92,44,19.46,scattered clouds
137,Puerto Ayora,EC,2020-11-10 10:22:51,-0.74,-90.35,64.0,92,66,1.99,broken clouds
138,Dharchula,IN,2020-11-10 10:22:51,29.85,80.53,70.74,26,97,6.02,overcast clouds
139,Bathsheba,BB,2020-11-10 10:22:52,13.22,-59.52,80.6,83,40,18.34,scattered clouds
140,Bangkalan,ID,2020-11-10 10:22:52,-7.05,112.74,85.78,66,100,9.35,overcast clouds
141,Pevek,RU,2020-11-10 10:22:52,69.7,170.31,18.73,95,91,7.9,overcast clouds
142,Shenjiamen,CN,2020-11-10 10:22:52,29.96,122.3,60.35,57,0,10.98,clear sky
143,Olafsvik,IS,2020-11-10 10:22:53,64.89,-23.71,41.88,67,46,19.62,light rain
144,East London,ZA,2020-11-10 10:22:53,-33.02,27.91,64.4,72,20,8.05,few clouds
145,San Joaquin,US,2020-11-10 10:22:53,37.93,-121.3,42.01,59,1,0.58,clear sky
146,Faanui,PF,2020-11-10 10:22:53,-16.48,-151.75,78.87,78,100,12.8,overcast clouds
147,Saint George,US,2020-11-10 10:22:54,37.1,-113.58,34.0,74,1,3.36,clear sky
148,Palmer,US,2020-11-10 10:22:43,42.16,-72.33,48.99,100,1,3.8,clear sky
149,Coromandel,BR,2020-11-10 10:20:40,-18.47,-47.2,65.68,95,100,4.68,light rain
150,Atuona,PF,2020-11-10 10:22:54,-9.8,-139.03,77.77,73,2,14.9,clear sky
151,Ribeira Grande,PT,2020-11-10 10:22:54,38.52,-28.7,60.8,87,90,8.05,light rain
152,Sal Rei,CV,2020-11-10 10:22:55,16.18,-22.92,78.8,83,40,11.41,scattered clouds
153,Lebu,CL,2020-11-10 10:22:55,-37.62,-73.65,50.99,87,6,16.49,clear sky
154,Sao Filipe,CV,2020-11-10 10:22:55,14.9,-24.5,81.1,71,5,5.61,clear sky
155,Lompoc,US,2020-11-10 10:22:55,34.64,-120.46,42.8,74,1,5.95,clear sky
156,Paragominas,BR,2020-11-10 10:22:56,-2.97,-47.48,74.75,94,100,0.83,light rain
157,Rodino,RU,2020-11-10 10:21:10,52.5,80.25,36.27,79,100,18.79,overcast clouds
158,Arraial Do Cabo,BR,2020-11-10 10:22:56,-22.97,-42.03,75.2,94,90,4.7,moderate rain
159,Abbeville,FR,2020-11-10 10:22:57,50.1,1.83,54.0,35,0,5.46,clear sky
160,Havelock,US,2020-11-10 10:22:57,34.88,-76.9,66.2,93,20,4.7,mist
161,Talcahuano,CL,2020-11-10 10:22:57,-36.72,-73.12,48.2,100,0,4.7,clear sky
162,Chuncheng,CN,2020-11-10 10:22:57,22.17,111.79,70.27,51,73,2.26,broken clouds
163,Batticaloa,LK,2020-11-10 10:22:58,7.71,81.69,81.61,82,100,14.9,light rain
164,Vestmannaeyjar,IS,2020-11-10 10:22:58,63.44,-20.27,39.2,80,20,9.17,few clouds
165,Manati,PR,2020-11-10 10:22:58,18.43,-66.49,75.99,99,100,11.52,moderate rain
166,Valdivia,CL,2020-11-10 10:22:06,-39.81,-73.25,42.8,100,20,2.24,few clouds
167,Mahebourg,MU,2020-11-10 10:22:59,-20.41,57.7,80.6,65,75,13.87,broken clouds
168,Burnie,AU,2020-11-10 10:22:59,-41.07,145.92,62.01,76,0,3.0,clear sky
169,Codrington,AU,2020-11-10 10:22:59,-38.27,141.97,77.56,48,5,16.37,light rain
170,Madimba,TZ,2020-11-10 10:22:59,-10.4,40.33,87.8,52,40,11.41,scattered clouds
171,Brokopondo,SR,2020-11-10 10:22:59,4.75,-55.17,76.87,85,78,4.29,broken clouds
172,Teterow,DE,2020-11-10 10:23:00,53.78,12.57,42.01,93,90,8.05,mist
173,Aruppukkottai,IN,2020-11-10 10:22:10,9.52,78.1,86.0,48,40,4.7,haze
174,Jamestown,US,2020-11-10 10:23:00,42.1,-79.24,55.99,76,1,9.17,clear sky
175,Jabinyanah,TN,2020-11-10 10:23:01,35.03,10.91,71.6,68,0,5.82,clear sky
176,Victoria,HK,2020-11-10 10:18:07,22.29,114.16,73.99,60,23,1.99,few clouds
177,Itarema,BR,2020-11-10 10:23:01,-2.92,-39.92,81.99,73,30,15.79,scattered clouds
178,Dikson,RU,2020-11-10 10:23:01,73.51,80.55,16.41,97,100,15.59,light snow
179,Ashland,US,2020-11-10 10:23:01,40.82,-82.27,61.0,72,1,10.29,clear sky
180,Saint-Joseph,RE,2020-11-10 10:21:01,-21.37,55.62,80.6,57,40,20.8,scattered clouds
181,Muriae,BR,2020-11-10 10:21:07,-21.13,-42.37,73.0,72,9,2.13,clear sky
182,Hami,CN,2020-11-10 10:23:02,42.8,93.45,46.33,45,0,2.13,clear sky
183,Kiama,AU,2020-11-10 10:23:02,-34.68,150.87,63.0,74,0,11.56,clear sky
184,Awbari,LY,2020-11-10 10:23:03,26.59,12.78,70.45,34,0,6.6,clear sky
185,Marrakesh,MA,2020-11-10 10:23:03,31.63,-8.01,62.6,72,0,5.82,clear sky
186,Kisangani,CD,2020-11-10 10:23:03,0.52,25.2,78.04,76,100,5.03,light rain
187,Norman Wells,CA,2020-11-10 10:23:03,65.28,-126.83,-5.8,76,75,16.11,broken clouds
188,Conakry,GN,2020-11-10 10:23:03,9.54,-13.68,81.55,78,52,3.74,broken clouds
189,Lago Da Pedra,BR,2020-11-10 10:23:04,-4.33,-45.17,77.47,89,100,2.66,light rain
190,Nemuro,JP,2020-11-10 10:23:04,43.32,145.57,33.8,80,20,6.93,few clouds
191,Labrea,BR,2020-11-10 10:23:04,-7.26,-64.8,74.05,96,100,1.43,overcast clouds
192,Leningradskiy,RU,2020-11-10 10:23:04,69.38,178.42,23.07,96,100,14.54,light snow
193,New Norfolk,AU,2020-11-10 10:23:05,-42.78,147.06,66.99,46,58,1.23,broken clouds
194,Grand Forks,US,2020-11-10 10:23:05,47.94,-97.43,12.2,85,1,5.82,clear sky
195,Cairns,AU,2020-11-10 10:20:14,-16.92,145.77,77.0,73,90,10.29,light rain
196,Linkou,CN,2020-11-10 10:23:05,45.3,130.28,24.35,89,96,3.69,overcast clouds
197,San Quintin,MX,2020-11-10 10:23:05,30.48,-115.95,54.5,61,0,4.05,clear sky
198,Natal,BR,2020-11-10 10:21:10,-5.79,-35.21,75.2,94,40,6.93,scattered clouds
199,Isangel,VU,2020-11-10 10:23:06,-19.55,169.27,75.22,84,89,12.91,light rain
200,Margate,GB,2020-11-10 10:18:50,51.38,1.39,59.0,95,7,1.99,clear sky
201,Akyab,MM,2020-11-10 10:23:06,20.15,92.9,83.82,68,0,10.33,clear sky
202,Alofi,NU,2020-11-10 10:23:06,-19.06,-169.92,71.6,88,90,6.93,overcast clouds
203,Asfi,MA,2020-11-10 10:23:07,32.3,-9.24,66.24,73,1,17.81,clear sky
204,Gaptsakh,RU,2020-11-10 10:23:07,41.45,47.93,50.9,46,1,5.28,clear sky
205,Olovyannaya,RU,2020-11-10 10:23:07,50.95,115.57,26.69,94,0,4.7,clear sky
206,Ciudad Bolivar,VE,2020-11-10 10:23:07,8.12,-63.55,75.45,88,35,3.8,scattered clouds
207,El Vigia,VE,2020-11-10 10:23:07,8.62,-71.65,74.34,75,53,1.81,broken clouds
208,Malindi,KE,2020-11-10 10:23:08,-3.22,40.12,86.0,74,40,9.17,scattered clouds
209,Genhe,CN,2020-11-10 10:23:08,50.78,121.52,26.92,97,96,2.89,overcast clouds
210,Half Moon Bay,US,2020-11-10 10:23:08,37.46,-122.43,48.0,60,1,2.51,clear sky
211,Praia,CV,2020-11-10 10:23:08,14.92,-23.51,78.8,74,20,11.41,few clouds
212,Baykit,RU,2020-11-10 10:23:08,61.67,96.37,29.5,94,92,7.76,overcast clouds
213,Vila,PT,2020-11-10 10:23:09,42.03,-8.16,57.0,100,90,4.7,fog
214,Preston,GB,2020-11-10 10:23:09,53.77,-2.72,54.0,93,75,8.05,broken clouds
215,Guatire,VE,2020-11-10 10:18:38,10.48,-66.54,77.0,88,40,2.06,scattered clouds
216,Pombia,IT,2020-11-10 10:23:09,45.65,8.63,57.99,76,0,2.24,clear sky
217,Mananjary,MG,2020-11-10 10:23:10,-21.22,48.33,81.97,54,6,10.16,clear sky
218,Rio Gallegos,AR,2020-11-10 10:23:10,-51.62,-69.22,46.4,87,0,2.24,clear sky
219,Rodrigues Alves,BR,2020-11-10 10:23:10,-7.74,-72.65,71.49,98,99,1.41,overcast clouds
220,Coracora,PE,2020-11-10 10:23:10,-15.03,-73.78,48.83,50,62,0.65,broken clouds
221,Mindelo,CV,2020-11-10 10:23:11,16.89,-24.98,78.8,78,40,25.28,scattered clouds
222,Bull Savanna,JM,2020-11-10 10:23:11,17.89,-77.59,74.8,87,55,3.98,broken clouds
223,Katsuura,JP,2020-11-10 10:23:11,35.13,140.3,55.99,58,40,9.17,scattered clouds
224,Vila Franca Do Campo,PT,2020-11-10 10:23:11,37.72,-25.43,66.2,82,75,24.16,light rain
225,El Sauzal,MX,2020-11-10 10:23:12,31.9,-116.68,52.95,60,63,3.29,broken clouds
226,Salvador,SV,2020-11-10 10:23:12,13.83,-88.92,73.4,100,40,1.12,scattered clouds
227,Namibe,AO,2020-11-10 10:18:56,-15.2,12.15,78.8,74,40,12.75,scattered clouds
228,Kirakira,SB,2020-11-10 10:23:12,-10.45,161.92,79.45,83,96,10.51,light rain
229,Lima,PE,2020-11-10 10:21:24,-12.04,-77.03,64.4,82,75,9.17,broken clouds
230,Bambous Virieux,MU,2020-11-10 10:23:12,-20.34,57.76,80.6,65,75,13.87,broken clouds
231,Marsabit,KE,2020-11-10 10:23:13,2.33,37.99,75.65,62,39,13.51,scattered clouds
232,Bereda,ES,2020-11-10 10:23:13,43.27,-7.54,53.01,88,62,5.01,broken clouds
233,Flin Flon,CA,2020-11-10 10:23:13,54.77,-101.86,5.09,93,0,4.59,clear sky
234,Concordia,AR,2020-11-10 10:20:56,-31.39,-58.02,63.0,94,34,5.99,scattered clouds
235,Sillod,IN,2020-11-10 10:23:14,20.3,75.65,84.2,25,0,5.82,haze
236,Phek,IN,2020-11-10 10:23:14,25.67,94.5,65.53,70,39,0.6,scattered clouds
237,Huarmey,PE,2020-11-10 10:23:14,-10.07,-78.15,58.93,87,36,4.63,scattered clouds
238,Constitucion,CL,2020-11-10 10:23:14,-35.33,-72.42,53.76,80,0,4.0,clear sky
239,Iguape,BR,2020-11-10 10:20:22,-24.71,-47.56,71.51,94,100,0.02,moderate rain
240,Te Anau,NZ,2020-11-10 10:23:15,-45.42,167.72,49.41,88,0,3.44,clear sky
241,Kaka,TM,2020-11-10 10:23:15,37.35,59.61,66.67,33,98,8.48,overcast clouds
242,Lucea,JM,2020-11-10 10:23:15,18.45,-78.17,80.6,74,75,3.36,broken clouds
243,Vostok,RU,2020-11-10 10:23:16,46.49,135.88,7.68,94,100,1.92,overcast clouds
244,Magadan,RU,2020-11-10 10:19:27,59.57,150.8,4.1,83,21,8.46,few clouds
245,Mutsu,JP,2020-11-10 10:23:16,41.29,141.22,36.0,59,75,6.93,broken clouds
246,Kodiak,US,2020-11-10 10:23:16,57.79,-152.41,28.4,79,1,6.93,clear sky
247,Pueblo Nuevo,MX,2020-11-10 10:23:16,23.38,-105.38,52.25,73,0,4.99,clear sky
248,Vila Velha,BR,2020-11-10 10:19:57,-20.33,-40.29,77.0,78,75,8.05,broken clouds
249,Zhigansk,RU,2020-11-10 10:23:17,66.77,123.37,-4.05,91,100,19.93,light snow
250,Kenora,CA,2020-11-10 10:23:17,49.82,-94.43,17.6,72,90,8.05,overcast clouds
251,Jinchang,CN,2020-11-10 10:23:18,38.5,102.17,48.65,41,2,4.85,clear sky
252,Mount Gambier,AU,2020-11-10 10:23:18,-37.83,140.77,78.8,47,75,9.17,light intensity shower rain
253,Coihaique,CL,2020-11-10 10:21:45,-45.58,-72.07,46.4,87,0,4.16,clear sky
254,Namatanai,PG,2020-11-10 10:23:18,-3.67,152.43,80.67,78,85,4.36,light rain
255,Artyom,AZ,2020-11-10 10:23:19,40.47,50.33,62.6,67,75,6.93,broken clouds
256,Parambu,BR,2020-11-10 10:23:19,-6.21,-40.69,75.4,75,90,9.4,overcast clouds
257,Anadyr,RU,2020-11-10 10:23:19,64.75,177.48,28.4,79,75,26.84,light snow
258,Cherskiy,RU,2020-11-10 10:23:19,68.75,161.3,1.38,93,100,4.92,overcast clouds
259,Geraldton,AU,2020-11-10 10:23:20,-28.77,114.6,64.4,52,40,12.75,scattered clouds
260,Muisne,EC,2020-11-10 10:23:20,0.6,-80.03,72.88,86,100,12.82,light rain
261,Churapcha,RU,2020-11-10 10:23:20,62.0,132.43,-12.33,88,92,6.15,overcast clouds
262,Torbay,CA,2020-11-10 10:23:20,47.67,-52.73,43.0,100,90,10.29,overcast clouds
263,Saldanha,ZA,2020-11-10 10:23:20,-33.01,17.94,73.4,55,0,3.36,clear sky
264,Acarau,BR,2020-11-10 10:22:21,-2.89,-40.12,81.91,73,35,16.17,scattered clouds
265,Zyryanka,RU,2020-11-10 10:23:21,65.75,150.85,-10.86,90,85,3.2,overcast clouds
266,Kyshtovka,RU,2020-11-10 10:23:21,56.55,76.63,32.63,91,97,14.25,overcast clouds
267,Gold Coast,AU,2020-11-10 10:23:07,-28.0,153.43,69.8,56,75,6.93,broken clouds
268,Strezhevoy,RU,2020-11-10 10:23:22,60.73,77.59,28.4,100,75,4.47,broken clouds
269,Corsicana,US,2020-11-10 10:23:22,32.1,-96.47,69.8,88,90,11.41,overcast clouds
270,Sur,OM,2020-11-10 10:23:22,22.57,59.53,83.23,54,0,9.31,clear sky
271,Beloha,MG,2020-11-10 10:23:22,-25.17,45.05,99.07,23,3,10.38,clear sky
272,Groningen,NL,2020-11-10 10:23:22,53.25,6.75,44.01,100,90,6.93,fog
273,Alyangula,AU,2020-11-10 10:23:23,-13.85,136.42,86.0,66,40,9.17,scattered clouds
274,Ahipara,NZ,2020-11-10 10:23:23,-35.17,173.17,57.13,79,23,14.25,few clouds
275,Manavadar,IN,2020-11-10 10:23:23,21.5,70.13,92.57,16,0,6.35,clear sky
276,Dimovo,BG,2020-11-10 10:23:24,43.74,22.73,50.0,6,100,5.37,overcast clouds
277,Mersing,MY,2020-11-10 10:23:24,2.43,103.84,80.6,83,100,4.7,moderate rain
278,Manaus,BR,2020-11-10 10:23:24,-3.1,-60.02,77.0,88,20,1.12,few clouds
279,Cabra,ES,2020-11-10 10:23:24,37.47,-4.44,64.99,64,0,3.31,clear sky
280,San Juan,AR,2020-11-10 10:23:24,-31.54,-68.54,64.53,71,13,14.99,few clouds
281,Port Hardy,CA,2020-11-10 10:23:25,50.7,-127.42,41.0,93,90,4.7,light rain
282,Upernavik,GL,2020-11-10 10:23:25,72.79,-56.15,4.87,84,100,10.38,overcast clouds
283,Bonthe,SL,2020-11-10 10:23:25,7.53,-12.51,83.07,75,0,4.12,light rain
284,Cortes,ES,2020-11-10 10:23:25,41.94,-1.44,57.2,76,0,5.82,clear sky
285,Saint-Augustin,CA,2020-11-10 10:23:25,51.23,-58.65,35.73,93,100,12.03,overcast clouds
286,Kashi,CN,2020-11-10 10:23:26,39.45,75.98,57.2,12,0,4.47,clear sky
287,San Cristobal,VE,2020-11-10 10:22:18,7.77,-72.22,65.52,85,100,2.37,overcast clouds
288,Souillac,MU,2020-11-10 10:23:26,-20.52,57.52,80.6,65,75,13.87,broken clouds
289,Walvis Bay,NA,2020-11-10 10:23:26,-22.96,14.51,68.0,52,0,5.82,clear sky
290,Grants,US,2020-11-10 10:23:26,35.15,-107.85,21.2,79,1,9.64,clear sky
291,Surt,LY,2020-11-10 10:23:27,31.21,16.59,70.7,60,24,13.69,few clouds
292,Luganville,VU,2020-11-10 10:23:27,-15.53,167.17,75.2,94,90,6.93,overcast clouds
293,Pisco,PE,2020-11-10 10:23:27,-13.7,-76.22,62.6,82,90,1.12,smoke
294,Talnakh,RU,2020-11-10 10:23:27,69.49,88.4,-2.2,84,40,11.18,light snow
295,Broken Hill,AU,2020-11-10 10:23:27,-31.95,141.43,89.6,22,75,14.99,broken clouds
296,Kozhva,RU,2020-11-10 10:23:28,65.11,57.05,27.45,95,100,9.84,overcast clouds
297,Broome,US,2020-11-10 10:23:28,42.25,-75.83,54.0,93,1,5.82,clear sky
298,Shakawe,BW,2020-11-10 10:23:28,-18.37,21.85,100.42,17,32,5.82,scattered clouds
299,San Fernando,PH,2020-11-10 10:21:47,15.03,120.69,82.4,78,75,4.7,broken clouds
300,Lagoa,PT,2020-11-10 10:23:29,39.05,-27.98,61.88,91,100,3.09,moderate rain
301,Itoman,JP,2020-11-10 10:23:29,26.12,127.67,71.6,68,75,16.11,broken clouds
302,Maceio,BR,2020-11-10 10:23:29,-9.67,-35.74,78.8,83,20,8.05,few clouds
303,Kaiserslautern,DE,2020-11-10 10:22:24,49.45,7.75,46.0,100,90,4.7,fog
304,San Carlos De Bariloche,AR,2020-11-10 10:23:30,-41.15,-71.31,52.0,81,0,5.82,clear sky
305,Denizli,TR,2020-11-10 10:23:30,37.84,29.07,62.6,39,0,6.93,clear sky
306,Taoudenni,ML,2020-11-10 10:23:30,22.68,-3.98,89.58,12,0,13.51,clear sky
307,Huntington,US,2020-11-10 10:22:57,38.42,-82.45,63.0,76,1,3.36,clear sky
308,Praya,CV,2020-11-10 10:23:30,14.92,-23.51,78.8,74,20,11.41,few clouds
309,Marsa Matruh,EG,2020-11-10 10:23:31,31.35,27.25,69.8,56,40,8.05,scattered clouds
310,Sao Joao Da Barra,BR,2020-11-10 10:23:31,-21.64,-41.05,77.0,83,90,4.03,overcast clouds
311,Urbana,US,2020-11-10 10:23:31,40.11,-88.21,63.0,88,90,11.41,overcast clouds
312,Bukachacha,RU,2020-11-10 10:23:31,52.98,116.92,23.38,96,8,1.79,clear sky
313,Salalah,OM,2020-11-10 10:23:32,17.02,54.09,86.0,51,0,6.93,clear sky
314,Sibiti,CG,2020-11-10 10:23:32,-3.68,13.35,80.33,75,76,2.19,light rain
315,Rockport,US,2020-11-10 10:23:32,28.02,-97.05,73.0,94,1,3.36,clear sky
316,Pimentel,PE,2020-11-10 10:23:32,-6.84,-79.93,60.6,90,72,5.46,broken clouds
317,Ulladulla,AU,2020-11-10 10:23:33,-35.35,150.47,62.6,72,0,4.7,clear sky
318,Bonfim,BR,2020-11-10 10:23:33,3.08,-59.95,74.86,78,1,3.8,clear sky
319,Kodinsk,RU,2020-11-10 10:23:33,58.69,99.18,33.13,94,100,8.01,overcast clouds
320,Lorengau,PG,2020-11-10 10:23:33,-2.02,147.27,82.98,68,15,3.78,few clouds
321,Manokwari,ID,2020-11-10 10:23:33,-0.87,134.08,82.67,70,58,1.77,broken clouds
322,Tateyama,JP,2020-11-10 10:23:34,34.98,139.87,57.0,40,81,7.54,broken clouds
323,Vanimo,PG,2020-11-10 10:23:34,-2.67,141.3,81.03,78,10,4.83,light rain
324,Buena Vista,US,2020-11-10 10:23:34,43.42,-83.9,66.99,63,90,16.11,overcast clouds
325,Klobuck,PL,2020-11-10 10:23:34,50.9,18.94,44.01,100,90,10.29,overcast clouds
326,Gobabis,NA,2020-11-10 10:23:34,-22.45,18.97,85.14,24,0,7.34,clear sky
327,Rocha,UY,2020-11-10 10:21:26,-34.48,-54.33,61.52,83,98,3.58,overcast clouds
328,Fomboni,KM,2020-11-10 10:23:35,-12.28,43.74,80.49,77,63,15.26,broken clouds
329,Hualmay,PE,2020-11-10 10:23:35,-11.1,-77.61,59.34,89,65,4.56,broken clouds
330,Oskemen,KZ,2020-11-10 10:23:35,49.96,82.61,35.6,93,75,4.47,light intensity shower rain
331,Bobrovka,RU,2020-11-10 10:23:35,54.05,61.75,34.41,82,100,15.61,overcast clouds
332,Nizhnyaya Tavda,RU,2020-11-10 10:23:36,57.67,66.17,31.15,98,100,8.19,overcast clouds
333,Mankono,CI,2020-11-10 10:23:36,8.06,-6.19,85.1,62,1,2.48,clear sky
334,Dhariwal,IN,2020-11-10 10:23:36,31.95,75.32,78.8,36,40,9.17,smoke
335,Senneterre,CA,2020-11-10 10:23:36,48.38,-77.23,57.2,71,1,13.87,clear sky
336,Camana,PE,2020-11-10 10:23:36,-16.62,-72.71,61.36,79,82,6.17,broken clouds
337,Abha,SA,2020-11-10 10:21:32,18.22,42.51,80.6,15,20,4.7,few clouds
338,Ilulissat,GL,2020-11-10 10:23:37,69.22,-51.1,6.33,93,100,6.67,overcast clouds
339,Inuvik,CA,2020-11-10 10:23:37,68.35,-133.72,-5.8,83,0,4.7,clear sky
340,Arnprior,CA,2020-11-10 10:23:10,45.43,-76.35,46.99,92,0,5.06,clear sky
341,Narsaq,GL,2020-11-10 10:23:37,60.92,-46.05,24.12,88,65,2.59,broken clouds
342,Taksimo,RU,2020-11-10 10:23:38,56.34,114.88,16.56,93,100,0.22,overcast clouds
343,Bose,IT,2020-11-10 10:23:38,45.46,8.01,61.0,73,100,1.01,overcast clouds
344,Ucluelet,CA,2020-11-10 10:21:04,48.93,-125.55,39.99,92,22,4.36,few clouds
345,Port Moresby,PG,2020-11-10 10:23:38,-9.44,147.18,80.6,78,90,17.22,overcast clouds
346,Marawi,PH,2020-11-10 10:23:39,8.0,124.29,75.99,90,100,4.0,heavy intensity rain
347,Verkhnyaya Inta,RU,2020-11-10 10:23:39,65.98,60.31,23.52,97,99,13.18,light snow
348,Ferrol,ES,2020-11-10 10:20:54,43.48,-8.24,59.0,76,0,4.7,clear sky
349,Wajima,JP,2020-11-10 10:23:39,37.4,136.9,41.0,100,75,3.36,broken clouds
350,Kununurra,AU,2020-11-10 10:20:11,-15.77,128.73,95.0,47,89,13.87,light rain
351,Tondano,ID,2020-11-10 10:23:40,1.3,124.91,84.2,62,20,3.36,few clouds
352,Semey,KZ,2020-11-10 10:23:40,50.41,80.23,39.2,64,75,15.66,broken clouds
353,Srandakan,ID,2020-11-10 10:23:40,-7.94,110.25,81.68,75,72,12.3,broken clouds
354,Guerrero Negro,MX,2020-11-10 10:23:40,27.98,-114.06,59.58,67,3,9.28,clear sky
355,Cockburn Town,TC,2020-11-10 10:23:41,21.46,-71.14,80.89,82,100,19.19,light rain
356,Tilichiki,RU,2020-11-10 10:23:41,60.47,166.1,9.39,95,39,9.64,scattered clouds
357,Morgan City,US,2020-11-10 10:23:41,29.7,-91.21,71.6,100,90,3.36,overcast clouds
358,Morondava,MG,2020-11-10 10:23:41,-20.28,44.28,85.73,59,0,13.85,clear sky
359,Beringovskiy,RU,2020-11-10 10:23:42,63.05,179.32,25.45,94,93,16.42,overcast clouds
360,Kijang,KR,2020-11-10 10:23:42,35.24,129.21,48.2,49,0,5.82,clear sky
361,Stephenville,US,2020-11-10 10:23:42,32.22,-98.2,64.0,88,40,12.91,scattered clouds
362,Belmonte,BR,2020-11-10 10:23:42,-15.86,-38.88,73.4,94,20,2.24,few clouds
363,Saint Anthony,US,2020-11-10 10:19:01,45.02,-93.22,30.99,68,75,6.93,broken clouds
364,Yarada,IN,2020-11-10 10:23:43,17.65,83.27,87.8,45,20,5.82,haze
365,Sao Geraldo Do Araguaia,BR,2020-11-10 10:23:43,-6.4,-48.55,76.84,86,99,0.89,overcast clouds
366,Paamiut,GL,2020-11-10 10:23:43,61.99,-49.67,25.29,91,100,14.81,overcast clouds
367,Valparaiso,CL,2020-11-10 10:23:43,-33.04,-71.63,57.0,74,32,3.53,scattered clouds
368,Boguchany,RU,2020-11-10 10:23:44,58.38,97.45,33.01,94,100,7.81,overcast clouds
369,Udachnyy,RU,2020-11-10 10:23:44,66.42,112.4,24.8,79,90,6.71,overcast clouds
370,Concepcion,CL,2020-11-10 10:23:44,-36.83,-73.05,48.2,100,0,4.7,clear sky
371,Dubai,AE,2020-11-10 10:19:58,25.26,55.3,88.0,48,20,11.41,few clouds
372,San Felipe,VE,2020-11-10 10:23:45,10.34,-68.74,70.77,91,78,0.43,broken clouds
373,Husavik,IS,2020-11-10 10:23:45,66.04,-17.34,39.2,60,0,13.87,clear sky
374,Gat,IL,2020-11-10 10:23:45,31.61,34.76,77.0,61,0,1.01,clear sky
375,Jejuri,IN,2020-11-10 10:23:45,18.28,74.17,79.81,24,0,8.93,clear sky
376,Lazaro Cardenas,MX,2020-11-10 10:23:46,17.96,-102.2,74.91,84,22,4.65,few clouds
377,Oslo,NO,2020-11-10 10:23:46,59.91,10.75,41.0,95,100,0.67,overcast clouds
378,Lavrentiya,RU,2020-11-10 10:23:46,65.58,-171.0,34.68,91,100,12.15,overcast clouds
379,Uyuni,BO,2020-11-10 10:23:47,-20.46,-66.83,40.68,50,0,9.19,clear sky
380,Tokur,RU,2020-11-10 10:23:47,53.13,132.9,1.29,92,3,3.58,clear sky
381,Laguna,US,2020-11-10 10:20:57,38.42,-121.42,37.99,74,1,0.92,clear sky
382,Ongandjera,NA,2020-11-10 10:23:48,-17.88,15.07,93.27,18,0,5.41,clear sky
383,Gushikawa,JP,2020-11-10 10:23:48,26.35,127.87,71.6,68,75,13.87,broken clouds
384,Victor Harbor,AU,2020-11-10 10:23:48,-35.57,138.62,91.4,24,0,16.11,very heavy rain
385,Bulatukan,PH,2020-11-10 10:23:48,6.9,125.16,78.8,94,75,5.82,light rain
386,Pernem,IN,2020-11-10 10:23:49,15.72,73.8,87.8,43,53,8.05,haze
387,Vao,NC,2020-11-10 10:23:49,-22.67,167.48,70.74,65,99,15.41,light rain
388,Dawei,MM,2020-11-10 10:23:49,14.08,98.2,81.79,55,0,8.81,clear sky
389,Quirinopolis,BR,2020-11-10 10:23:49,-18.45,-50.45,70.65,87,100,5.03,light rain
390,Healdsburg,US,2020-11-10 10:23:49,38.61,-122.87,36.0,74,1,2.3,clear sky
391,Kuybysheve,UA,2020-11-10 10:23:50,47.36,36.65,48.61,55,59,10.83,broken clouds
392,Fairbanks,US,2020-11-10 10:23:50,64.84,-147.72,24.8,85,75,2.24,broken clouds
393,Kysyl-Syr,RU,2020-11-10 10:23:50,63.9,122.76,-1.25,91,100,8.41,overcast clouds
394,Grindavik,IS,2020-11-10 10:23:50,63.84,-22.43,35.6,63,40,10.29,scattered clouds
395,Yeppoon,AU,2020-11-10 10:23:51,-23.13,150.73,73.4,60,0,6.93,clear sky
396,Ushtobe,KZ,2020-11-10 10:23:51,45.25,77.98,51.71,43,99,11.05,overcast clouds
397,Xining,CN,2020-11-10 10:23:51,36.62,101.77,47.17,38,0,1.39,clear sky
398,Hatillo,PR,2020-11-10 10:22:54,18.49,-66.83,75.0,97,100,1.99,moderate rain
399,Cidreira,BR,2020-11-10 10:23:52,-30.18,-50.21,68.14,92,85,12.8,overcast clouds
400,Muros,ES,2020-11-10 10:23:52,42.78,-9.06,57.0,81,40,6.93,scattered clouds
401,Quarai,BR,2020-11-10 10:20:29,-30.39,-56.45,63.84,89,34,9.13,scattered clouds
402,Bondo,CD,2020-11-10 10:23:52,3.81,23.69,85.5,64,30,1.25,light rain
403,Naron,ES,2020-11-10 10:23:53,43.52,-8.15,57.2,76,0,4.7,clear sky
404,Hay River,CA,2020-11-10 10:23:53,60.82,-115.8,21.2,73,100,17.22,light snow
405,Vangaindrano,MG,2020-11-10 10:23:53,-23.35,47.6,83.23,56,35,12.03,scattered clouds
406,Andenes,NO,2020-11-10 10:23:54,69.31,16.12,35.01,73,20,3.36,few clouds
407,Yerbogachen,RU,2020-11-10 10:23:54,61.28,108.01,30.22,97,99,9.1,overcast clouds
408,Znamenskoye,RU,2020-11-10 10:19:05,57.13,73.83,32.27,91,99,9.53,overcast clouds
409,San Patricio,US,2020-11-10 10:23:54,28.02,-97.52,72.0,94,20,4.7,few clouds
410,Komsomolskiy,UZ,2020-11-10 10:23:54,40.43,71.72,53.6,58,0,4.7,clear sky
411,Sitka,US,2020-11-10 10:23:55,57.05,-135.33,33.8,86,1,4.7,clear sky
412,Kindu,CD,2020-11-10 10:23:55,-2.95,25.95,75.31,95,98,5.91,moderate rain
413,Nea Kallikratia,GR,2020-11-10 10:23:56,40.32,23.07,66.0,53,17,2.21,few clouds
414,Zeya,RU,2020-11-10 10:23:56,53.75,127.27,10.76,86,81,2.51,broken clouds
415,Changji,CN,2020-11-10 10:23:57,44.02,87.32,48.2,39,0,4.47,clear sky
416,Saint-Pierre,RE,2020-11-10 10:23:57,-21.34,55.48,80.6,57,40,20.8,scattered clouds
417,Llangefni,GB,2020-11-10 10:23:57,53.26,-4.31,54.0,93,75,17.22,broken clouds
418,Stokmarknes,NO,2020-11-10 10:23:57,68.56,14.91,39.2,74,0,9.17,clear sky
419,Yar-Sale,RU,2020-11-10 10:23:58,66.83,70.83,8.85,92,52,7.92,broken clouds
420,Ponta Pora,BR,2020-11-10 10:23:58,-22.54,-55.73,67.3,95,100,8.25,light rain
421,Polovinnoye,RU,2020-11-10 10:23:58,54.79,65.99,32.92,90,100,14.54,overcast clouds
422,Richards Bay,ZA,2020-11-10 10:23:59,-28.78,32.04,72.32,73,100,9.15,light rain
423,Acajutla,SV,2020-11-10 10:23:59,13.59,-89.83,68.0,100,51,5.82,broken clouds
424,Santa Vitoria Do Palmar,BR,2020-11-10 10:23:59,-33.52,-53.37,63.48,75,91,8.01,light rain
425,Nantucket,US,2020-11-10 10:23:59,41.28,-70.1,55.99,93,90,8.05,fog
426,Troitskoye,RU,2020-11-10 10:23:59,52.98,84.68,36.57,90,100,27.54,overcast clouds
427,Alice Springs,AU,2020-11-10 10:23:09,-23.7,133.88,100.4,13,74,10.29,broken clouds
428,Ust-Ilimsk,RU,2020-11-10 10:24:00,58.0,102.66,30.96,96,86,7.92,overcast clouds
429,Aleksandrov Gay,RU,2020-11-10 10:24:00,50.15,48.57,40.42,67,8,14.58,clear sky
430,Nelson Bay,AU,2020-11-10 10:24:00,-32.72,152.15,64.4,72,0,8.05,clear sky
431,Okato,NZ,2020-11-10 10:24:01,-39.2,173.88,54.0,71,98,14.0,overcast clouds
432,Romitan,UZ,2020-11-10 10:24:01,39.93,64.38,57.2,35,0,4.7,clear sky
433,Atar,MR,2020-11-10 10:24:01,20.52,-13.05,82.4,30,0,9.17,clear sky
434,Douentza,ML,2020-11-10 10:24:01,15.0,-2.95,88.18,13,0,10.27,clear sky
435,Goderich,CA,2020-11-10 10:24:02,43.75,-81.72,66.2,59,69,17.22,broken clouds
436,Agirish,RU,2020-11-10 10:24:02,61.92,63.02,25.7,92,66,3.11,broken clouds
437,Tanout,NE,2020-11-10 10:24:02,14.97,8.89,80.73,22,0,16.98,clear sky
438,Kagalnik,RU,2020-11-10 10:24:02,47.08,39.32,50.0,43,20,13.42,few clouds
439,Yumen,CN,2020-11-10 10:24:02,40.28,97.2,43.34,41,100,4.56,overcast clouds
440,Abashiri,JP,2020-11-10 10:24:03,44.02,144.27,30.2,92,40,9.17,scattered clouds
441,Cartagena,CO,2020-11-10 10:20:22,10.4,-75.51,80.6,94,40,3.36,scattered clouds
442,Astoria,US,2020-11-10 10:24:03,46.19,-123.83,48.99,100,90,3.36,moderate rain
443,Prince Rupert,CA,2020-11-10 10:24:04,54.32,-130.32,41.0,93,90,6.93,overcast clouds
444,Karasburg,NA,2020-11-10 10:24:04,-28.02,18.75,71.94,21,0,11.21,clear sky
445,Tarauaca,BR,2020-11-10 10:24:04,-8.16,-70.77,72.63,97,100,1.74,overcast clouds
446,Edson,CA,2020-11-10 10:24:05,53.58,-116.44,30.2,92,100,2.24,overcast clouds
447,Balkanabat,TM,2020-11-10 10:24:05,39.51,54.37,63.99,33,99,2.28,overcast clouds
448,Esik,KZ,2020-11-10 10:24:05,43.36,77.45,53.6,34,40,8.95,scattered clouds
449,Matehuala,MX,2020-11-10 10:24:05,23.65,-100.65,60.4,56,0,2.08,clear sky
450,Kalemie,CD,2020-11-10 10:24:05,-5.95,29.19,79.34,67,100,5.73,light rain
451,Canmore,CA,2020-11-10 10:24:06,51.08,-115.35,26.6,92,100,6.93,light snow
452,Champerico,GT,2020-11-10 10:24:06,14.3,-91.92,62.01,92,71,8.21,broken clouds
453,Porto Torres,IT,2020-11-10 10:24:06,40.84,8.4,66.2,77,0,1.12,clear sky
454,Saint Marys,US,2020-11-10 10:24:06,30.73,-81.55,75.99,88,90,9.17,haze
455,Morant Bay,JM,2020-11-10 10:24:07,17.88,-76.41,77.0,94,20,4.7,few clouds
456,Levelland,US,2020-11-10 10:21:05,33.59,-102.38,48.2,39,20,11.41,few clouds
457,Betong,TH,2020-11-10 10:24:07,5.77,101.07,80.33,84,99,1.01,light rain
458,Ekhabi,RU,2020-11-10 10:24:08,53.51,142.97,27.64,95,93,18.88,overcast clouds
459,Hofn,IS,2020-11-10 10:24:08,64.25,-15.21,44.19,72,100,11.63,overcast clouds
460,Bara,NG,2020-11-10 10:24:08,10.37,10.73,87.8,19,0,16.11,clear sky
461,Livingston,GB,2020-11-10 10:24:09,55.9,-3.52,50.0,100,90,5.82,fog
462,Mtimbira,TZ,2020-11-10 10:24:09,-8.78,36.35,98.98,28,21,3.13,few clouds
463,Sangin,AF,2020-11-10 10:24:09,32.07,64.84,71.33,25,0,10.0,clear sky
464,Charters Towers,AU,2020-11-10 10:24:09,-20.1,146.27,72.46,69,34,19.62,scattered clouds
465,Kayes,ML,2020-11-10 10:24:09,14.0,-11.0,82.4,37,0,9.17,clear sky
466,Raska,RS,2020-11-10 10:24:10,43.29,20.62,44.6,93,90,3.36,overcast clouds
467,Auki,SB,2020-11-10 10:24:10,-8.77,160.7,80.89,81,67,5.99,light rain
468,Tazovskiy,RU,2020-11-10 10:24:10,67.47,78.7,-3.37,93,92,6.4,overcast clouds
469,Grand Gaube,MU,2020-11-10 10:24:10,-20.01,57.66,79.0,59,13,8.99,few clouds
470,Sikeston,US,2020-11-10 10:22:27,36.88,-89.59,68.0,82,75,5.82,broken clouds
471,Medicine Hat,CA,2020-11-10 10:24:11,50.05,-110.67,24.8,73,90,19.46,overcast clouds
472,Antequera,ES,2020-11-10 10:24:11,37.02,-4.56,69.01,72,40,8.05,scattered clouds
473,Katubao,PH,2020-11-10 10:24:11,5.89,124.83,84.2,70,75,2.24,broken clouds
474,Sainte-Marie,RE,2020-11-10 10:24:12,-20.9,55.55,82.4,58,0,24.16,clear sky
475,Bassano,CA,2020-11-10 10:24:12,50.78,-112.47,23.0,92,90,1.12,overcast clouds
476,Bilibino,RU,2020-11-10 10:24:12,68.05,166.44,-4.22,89,96,1.59,overcast clouds
477,Cayenne,GF,2020-11-10 10:24:12,4.93,-52.33,77.0,100,40,3.4,scattered clouds
478,Batagay,RU,2020-11-10 10:24:13,67.63,134.63,-22.49,80,95,3.15,overcast clouds
479,Sola,VU,2020-11-10 10:24:13,-13.88,167.55,78.8,94,90,17.16,moderate rain
480,Tiznit,MA,2020-11-10 10:24:13,29.58,-9.5,68.86,35,0,3.38,clear sky
481,Meulaboh,ID,2020-11-10 10:24:13,4.14,96.13,83.7,71,87,4.03,overcast clouds
482,Naze,JP,2020-11-10 10:24:14,28.37,129.48,71.6,72,40,11.41,scattered clouds
483,Lubango,AO,2020-11-10 10:24:14,-14.92,13.49,64.4,27,20,11.41,few clouds
484,Plettenberg Bay,ZA,2020-11-10 10:24:14,-34.05,23.37,62.29,60,77,6.08,broken clouds
485,Sisimiut,GL,2020-11-10 10:24:15,66.94,-53.67,16.9,92,100,7.31,overcast clouds
486,Homer,US,2020-11-10 10:24:15,59.64,-151.55,37.99,92,1,3.36,clear sky
487,Finschhafen,PG,2020-11-10 10:24:15,-6.6,147.87,79.29,81,100,3.4,overcast clouds
488,Kerman,IR,2020-11-10 10:24:15,30.28,57.08,73.4,16,0,9.17,clear sky
489,Conde,BR,2020-11-10 10:23:47,-7.26,-34.91,80.6,83,75,10.29,broken clouds
490,Riachao,BR,2020-11-10 10:24:16,-7.36,-46.62,77.11,67,33,7.0,scattered clouds
491,Popondetta,PG,2020-11-10 10:24:16,-8.75,148.25,75.43,94,100,2.42,moderate rain
492,Dhidhdhoo,MV,2020-11-10 10:24:16,6.88,73.1,84.27,68,93,7.0,overcast clouds
493,Armidale,AU,2020-11-10 10:24:16,-30.52,151.65,54.0,79,58,5.77,broken clouds
494,Cap Malheureux,MU,2020-11-10 10:24:17,-19.98,57.61,79.0,59,12,8.99,few clouds
495,Qasigiannguit,GL,2020-11-10 10:24:17,68.82,-51.19,6.78,91,100,5.19,overcast clouds
496,Phan Thiet,VN,2020-11-10 10:23:40,10.93,108.1,77.45,86,100,4.38,light rain
497,Rosarito,MX,2020-11-10 10:24:17,32.33,-117.03,51.8,70,5,6.08,clear sky
498,Gubkinskiy,RU,2020-11-10 10:24:17,64.43,76.5,10.74,96,100,5.86,overcast clouds
499,Moree,AU,2020-11-10 10:24:18,-29.47,149.85,75.2,29,4,6.93,clear sky
500,Ipanema,BR,2020-11-10 10:24:18,-30.14,-51.22,69.8,100,75,4.7,broken clouds
501,Kedrovyy,RU,2020-11-10 10:24:18,56.17,91.82,42.8,48,0,8.95,clear sky
502,North Platte,US,2020-11-10 10:24:18,41.12,-100.77,28.4,68,90,10.29,overcast clouds
503,Tabas,IR,2020-11-10 10:24:19,33.6,56.92,69.8,28,80,2.24,broken clouds
504,Lillooet,CA,2020-11-10 10:24:19,50.69,-121.94,35.01,89,90,3.36,overcast clouds
505,Halifax,CA,2020-11-10 10:21:21,44.65,-63.57,50.0,100,20,8.55,few clouds
506,Oranjemund,NA,2020-11-10 10:24:19,-28.55,16.43,68.04,41,0,19.98,clear sky
507,Ponta Delgada,PT,2020-11-10 10:24:19,37.73,-25.67,66.2,82,75,24.16,light rain
508,Fereydun Kenar,IR,2020-11-10 10:24:20,36.69,52.52,66.2,55,75,5.97,broken clouds
509,Umm Bab,QA,2020-11-10 10:24:20,25.21,50.81,89.6,25,1,8.05,clear sky
510,Corinto,GR,2020-11-10 10:24:20,37.94,22.96,69.8,52,40,13.87,scattered clouds
511,Esil,KZ,2020-11-10 10:24:20,51.96,66.4,35.08,81,1,19.55,clear sky
512,Mackay,AU,2020-11-10 10:24:21,-21.15,149.2,75.2,64,75,13.87,broken clouds
513,Miri,MY,2020-11-10 10:24:21,4.41,114.01,84.0,83,20,2.24,few clouds
514,Tigzirt,DZ,2020-11-10 10:24:21,36.89,4.12,67.82,72,29,3.87,scattered clouds
515,Liepaja,LV,2020-11-10 10:24:21,56.54,21.04,50.0,81,19,3.36,few clouds
516,Okhotsk,RU,2020-11-10 10:24:22,59.38,143.3,-0.56,87,0,14.41,clear sky
517,Poum,NC,2020-11-10 10:24:22,-20.23,164.02,75.02,74,100,12.64,overcast clouds
518,Honningsvag,NO,2020-11-10 10:24:22,70.98,25.97,37.4,69,75,18.34,broken clouds
519,Oshkosh,US,2020-11-10 10:19:39,44.02,-88.54,62.6,82,90,8.05,overcast clouds
520,Salmas,IR,2020-11-10 10:24:23,38.2,44.77,57.2,58,40,6.93,scattered clouds
521,Mount Isa,AU,2020-11-10 10:24:23,-20.73,139.5,91.4,22,79,8.05,broken clouds
522,Porto Santo,PT,2020-11-10 10:24:23,33.07,-16.34,66.2,72,40,10.29,scattered clouds
523,Acapulco,MX,2020-11-10 10:24:23,16.86,-99.89,76.55,82,29,4.23,scattered clouds
524,Svetlaya,RU,2020-11-10 10:24:23,46.54,138.33,21.85,82,0,10.47,clear sky
525,Padang,ID,2020-11-10 10:24:24,-0.95,100.35,79.7,78,100,6.53,overcast clouds
526,Lalibela,ET,2020-11-10 10:24:24,12.03,39.03,74.46,19,0,2.57,clear sky
527,Raudeberg,NO,2020-11-10 10:24:24,61.99,5.14,54.0,75,100,19.71,overcast clouds
528,Bundaberg,AU,2020-11-10 10:24:25,-24.85,152.35,72.0,64,7,8.05,clear sky
529,Shaowu,CN,2020-11-10 10:24:25,27.34,117.48,58.8,57,0,0.92,clear sky
530,Boa Vista,BR,2020-11-10 10:24:25,2.82,-60.67,77.0,88,0,1.63,clear sky
531,Kunyang,CN,2020-11-10 10:22:19,27.67,120.57,58.64,69,0,10.92,light rain
532,Ahuimanu,US,2020-11-10 10:22:33,21.44,-157.84,78.8,65,20,9.17,few clouds
533,Moerai,PF,2020-11-10 10:24:26,-22.43,-151.33,75.24,83,98,17.94,overcast clouds
534,Sao Gabriel Da Cachoeira,BR,2020-11-10 10:24:27,-0.13,-67.09,72.81,95,96,1.45,moderate rain
535,Oistins,BB,2020-11-10 10:24:27,13.07,-59.53,80.6,83,40,13.87,scattered clouds
536,Abu Zabad,SD,2020-11-10 10:24:27,12.35,29.25,90.5,14,4,17.63,clear sky
537,Blackwater,AU,2020-11-10 10:24:27,-23.58,148.88,72.36,47,50,15.12,light rain
538,Port Hedland,AU,2020-11-10 10:24:27,-20.32,118.57,82.4,61,0,17.22,clear sky
539,San Policarpo,PH,2020-11-10 10:24:28,12.18,125.51,78.39,86,100,14.9,moderate rain
540,Emmett,US,2020-11-10 10:24:28,43.87,-116.5,30.0,76,100,3.0,overcast clouds
541,Montego Bay,JM,2020-11-10 10:21:49,18.47,-77.92,80.6,74,75,3.36,broken clouds
542,Nyrob,RU,2020-11-10 10:24:28,60.73,56.72,26.51,96,99,4.61,overcast clouds
543,Kushima,JP,2020-11-10 10:24:28,31.46,131.23,55.4,71,20,6.93,few clouds
544,Kadhan,PK,2020-11-10 10:24:29,24.48,68.99,91.78,14,0,3.85,clear sky
545,Akdepe,TM,2020-11-10 10:24:29,42.06,59.38,60.8,51,0,9.17,clear sky
546,Ancud,CL,2020-11-10 10:24:29,-41.87,-73.82,48.99,87,0,9.17,clear sky
547,Hajnowka,PL,2020-11-10 10:24:29,52.74,23.58,41.0,90,0,1.83,clear sky
548,Xingyi,CN,2020-11-10 10:24:30,24.19,102.82,56.79,74,20,4.18,few clouds
549,Aquiraz,BR,2020-11-10 10:24:30,-3.9,-38.39,80.6,78,40,12.75,scattered clouds
550,Ozernovskiy,RU,2020-11-10 10:24:30,51.5,156.52,35.33,79,100,4.79,overcast clouds
551,Araouane,ML,2020-11-10 10:24:30,18.9,-3.53,85.06,14,5,12.91,clear sky
552,Dicabisagan,PH,2020-11-10 10:24:31,17.08,122.42,79.23,85,100,11.9,moderate rain
553,De-Kastri,RU,2020-11-10 10:24:31,51.47,140.78,21.54,84,63,18.63,broken clouds
554,Mpika,ZM,2020-11-10 10:24:31,-11.83,31.45,89.69,18,69,11.14,broken clouds
555,Mvangue,CM,2020-11-10 10:24:31,2.97,11.52,79.27,75,72,1.68,light rain
556,Antalaha,MG,2020-11-10 10:24:32,-14.9,50.28,80.73,67,21,10.94,light rain
557,Orlik,RU,2020-11-10 10:21:10,52.52,99.83,23.18,89,0,4.43,clear sky
558,Susehri,TR,2020-11-10 10:24:22,40.16,38.09,59.81,40,2,3.09,clear sky
559,Sechura,PE,2020-11-10 10:24:32,-5.56,-80.82,61.29,87,89,4.36,overcast clouds
560,Cranbrook,CA,2020-11-10 10:24:33,49.5,-115.77,26.6,86,90,9.17,overcast clouds
561,Pervomayskiy,RU,2020-11-10 10:24:33,53.25,40.29,37.99,68,74,13.85,broken clouds
562,Luwuk,ID,2020-11-10 10:20:57,-0.95,122.79,79.74,75,70,1.48,broken clouds
563,Sena Madureira,BR,2020-11-10 10:24:33,-9.07,-68.66,70.84,96,100,2.19,overcast clouds
564,Bosaso,SO,2020-11-10 10:24:34,11.28,49.18,82.4,78,20,6.93,few clouds
565,Nago,JP,2020-11-10 10:24:34,26.59,127.98,69.8,68,75,13.87,broken clouds
566,Ankang,CN,2020-11-10 10:24:34,32.68,109.02,65.35,51,1,1.25,clear sky
567,North Branch,US,2020-11-10 10:24:34,45.51,-92.98,30.0,81,74,3.0,broken clouds
568,Hervey Bay,AU,2020-11-10 10:24:34,-25.3,152.85,70.0,71,0,4.0,clear sky
569,Cortez,US,2020-11-10 10:24:35,37.35,-108.59,26.6,79,90,1.54,overcast clouds
570,Takoradi,GH,2020-11-10 10:23:41,4.88,-1.76,83.23,73,1,8.25,clear sky
571,Adrar,MR,2020-11-10 10:24:35,20.5,-10.07,84.58,14,0,9.17,clear sky
572,Camacha,PT,2020-11-10 10:24:35,33.08,-16.33,66.2,72,40,10.29,scattered clouds
573,Ustyuzhna,RU,2020-11-10 10:24:35,58.84,36.43,34.92,84,31,11.52,scattered clouds
574,Kavaratti,IN,2020-11-10 10:24:36,10.57,72.64,83.68,73,26,11.61,scattered clouds
575,Linares,CL,2020-11-10 10:22:50,-35.85,-71.6,46.72,90,0,2.15,clear sky
576,Arinos,BR,2020-11-10 10:24:36,-15.92,-46.11,73.35,81,99,2.35,overcast clouds
577,Vestmanna,FO,2020-11-10 10:24:37,62.16,-7.17,50.0,100,98,16.11,mist
578,Kupang,ID,2020-11-10 10:24:37,-10.17,123.58,82.4,88,40,2.24,scattered clouds
579,Catarman,PH,2020-11-10 10:24:37,12.5,124.64,76.66,90,100,8.1,heavy intensity rain
580,Westport,US,2020-11-10 10:24:37,41.14,-73.36,54.0,93,1,3.36,mist
581,Turbat,PK,2020-11-10 10:24:38,26.0,63.04,96.35,9,0,11.1,clear sky
582,Raymond,US,2020-11-10 10:24:38,43.9,-70.47,46.99,100,1,2.55,mist
583,Methoni,GR,2020-11-10 10:24:38,36.82,21.7,73.4,43,0,1.66,clear sky
584,Khani,GE,2020-11-10 10:24:38,41.96,42.96,57.2,71,90,3.36,overcast clouds
585,Caravelas,BR,2020-11-10 10:24:39,-17.71,-39.25,77.74,74,0,6.31,clear sky
586,Limbe,CM,2020-11-10 10:24:39,4.02,9.21,84.2,79,75,3.36,broken clouds
587,Bilma,NE,2020-11-10 10:24:39,18.69,12.92,79.03,26,0,12.88,clear sky
588,Tura,IN,2020-11-10 10:24:39,25.52,90.22,77.95,72,0,2.53,clear sky
589,Slave Lake,CA,2020-11-10 10:24:40,55.28,-114.77,33.8,89,90,17.22,overcast clouds
590,Pangkalanbuun,ID,2020-11-10 10:24:40,-2.68,111.62,82.53,73,100,4.76,overcast clouds
591,Daru,PG,2020-11-10 10:24:40,-9.08,143.21,79.16,82,100,14.34,overcast clouds
592,Kalmunai,LK,2020-11-10 10:24:40,7.42,81.82,82.4,79,100,16.28,overcast clouds
593,Kargat,RU,2020-11-10 10:24:41,55.2,80.28,33.28,90,96,14.0,overcast clouds
594,Jingdezhen,CN,2020-11-10 10:24:41,29.29,117.21,59.02,57,0,3.29,light rain
595,Bagdarin,RU,2020-11-10 10:24:41,54.43,113.6,24.12,96,78,1.79,broken clouds
596,Tahta,EG,2020-11-10 10:24:41,26.77,31.5,75.2,41,0,3.36,clear sky
597,Katherine,AU,2020-11-10 10:24:42,-14.47,132.27,98.6,20,77,8.05,broken clouds
598,Angoche,MZ,2020-11-10 10:24:42,-16.23,39.91,87.93,52,23,16.75,few clouds
599,Aberdeen,GB,2020-11-10 10:20:27,57.14,-2.1,51.01,100,90,6.93,mist
600,Manono,CD,2020-11-10 10:24:42,-7.3,27.42,80.29,81,98,3.11,moderate rain
601,Rawson,AR,2020-11-10 10:24:42,-43.3,-65.1,61.57,79,0,6.15,clear sky
602,Narrabri,AU,2020-11-10 10:24:43,-30.32,149.78,66.2,52,13,5.82,few clouds
603,Marystown,CA,2020-11-10 10:22:08,47.17,-55.15,46.99,100,99,3.0,overcast clouds
604,Nueve De Julio,AR,2020-11-10 10:21:41,-35.44,-60.88,60.01,99,1,1.01,clear sky
605,Adre,TD,2020-11-10 10:24:43,13.47,22.2,86.49,22,4,7.43,clear sky
606,Lakhnau,IN,2020-11-10 10:24:44,26.85,80.92,84.2,35,0,4.7,haze
607,Bandarbeyla,SO,2020-11-10 10:24:44,9.49,50.81,80.73,68,0,14.2,clear sky
608,Labytnangi,RU,2020-11-10 10:24:44,66.66,66.42,10.0,91,15,4.25,few clouds
609,Uchiza,PE,2020-11-10 10:24:44,-8.46,-76.46,68.22,75,76,3.02,broken clouds
610,Wloszczowa,PL,2020-11-10 10:24:44,50.85,19.97,46.0,100,99,8.43,overcast clouds
611,Salamiyah,SY,2020-11-10 10:24:44,35.01,37.05,70.72,39,0,2.73,clear sky
612,Touros,BR,2020-11-10 10:21:10,-5.2,-35.46,73.4,100,40,3.36,scattered clouds
613,Aklavik,CA,2020-11-10 10:24:45,68.22,-135.01,-5.8,83,0,4.7,clear sky
614,Shahreza,IR,2020-11-10 10:24:45,32.03,51.88,69.44,24,9,12.39,clear sky
615,Houston,US,2020-11-10 10:22:08,29.76,-95.36,73.99,100,90,11.41,mist
616,Tsaratanana,MG,2020-11-10 10:24:45,-16.78,47.65,96.28,23,0,8.12,clear sky
617,Inverness,GB,2020-11-10 10:24:46,57.48,-4.22,41.0,100,20,3.09,fog
618,Bongandanga,CD,2020-11-10 10:24:46,1.5,21.05,83.08,60,80,5.39,broken clouds
619,Doha,QA,2020-11-10 10:23:59,25.29,51.53,89.6,40,0,9.17,clear sky
620,Diamantina,BR,2020-11-10 10:24:47,-18.25,-43.6,66.6,81,76,4.09,broken clouds
621,Tual,ID,2020-11-10 10:24:47,-5.67,132.75,85.06,70,93,6.2,overcast clouds
622,Baillif,GP,2020-11-10 10:24:47,16.02,-61.75,77.0,94,100,5.82,light rain
623,Karpogory,RU,2020-11-10 10:21:05,64.0,44.45,32.52,91,93,13.42,overcast clouds
624,Malynivka,UA,2020-11-10 10:24:48,49.82,36.73,42.8,70,75,11.18,broken clouds
625,Hirara,JP,2020-11-10 10:24:49,24.8,125.28,73.4,68,75,18.34,shower rain
626,Talkha,EG,2020-11-10 10:24:49,31.05,31.38,79.77,35,0,11.21,clear sky
627,Goya,AR,2020-11-10 10:24:49,-29.14,-59.26,64.26,90,25,5.59,scattered clouds
628,Pau Dos Ferros,BR,2020-11-10 10:24:49,-6.11,-38.21,79.41,62,33,10.33,scattered clouds
629,Riga,LV,2020-11-10 10:24:50,57.0,24.08,46.4,87,75,2.24,broken clouds
630,Petropavlovsk-Kamchatskiy,RU,2020-11-10 10:24:50,53.05,158.65,24.8,68,100,4.47,overcast clouds
631,Bubaque,GW,2020-11-10 10:24:50,11.28,-15.83,83.08,69,36,5.21,scattered clouds
632,Loutra,GR,2020-11-10 10:24:50,39.06,26.55,68.0,64,0,4.7,clear sky
633,Bardiyah,LY,2020-11-10 10:24:51,31.76,25.09,69.08,57,0,12.53,clear sky
634,El Grullo,MX,2020-11-10 10:24:51,19.8,-104.22,63.3,80,1,0.85,clear sky
635,Suntar,RU,2020-11-10 10:24:51,62.14,117.63,27.68,97,100,5.23,overcast clouds
636,Asyut,EG,2020-11-10 10:24:52,27.18,31.18,73.4,46,0,8.05,clear sky
637,Ola,RU,2020-11-10 10:24:52,59.58,151.28,4.62,84,27,11.32,scattered clouds
638,Ferkessedougou,CI,2020-11-10 10:24:52,9.6,-5.2,87.3,33,0,3.65,clear sky
639,Karratha,AU,2020-11-10 10:24:53,-20.74,116.85,84.47,38,0,21.41,clear sky
640,Miechow,PL,2020-11-10 10:24:53,50.36,20.03,46.0,93,90,8.05,overcast clouds
641,Sar-E Pul,AF,2020-11-10 10:24:54,35.83,66.17,54.88,41,0,6.2,clear sky
642,Koulikoro,ML,2020-11-10 10:24:54,14.0,-7.75,87.91,13,0,11.65,clear sky
643,Turayf,SA,2020-11-10 10:24:54,31.67,38.66,71.6,53,0,5.82,clear sky
644,Phalaborwa,ZA,2020-11-10 10:24:54,-23.94,31.14,78.8,50,71,12.75,broken clouds
645,Kloulklubed,PW,2020-11-10 10:24:55,7.04,134.26,78.8,88,90,3.36,overcast clouds
646,Erzin,TR,2020-11-10 10:24:55,36.96,36.2,77.0,45,0,3.0,clear sky
647,Matara,LK,2020-11-10 10:24:55,5.95,80.54,84.42,73,100,6.6,heavy intensity rain
648,Dawson Creek,CA,2020-11-10 10:24:55,55.77,-120.24,28.4,74,1,6.93,clear sky
649,Svetlyy,RU,2020-11-10 10:24:56,54.67,20.13,50.0,71,75,4.47,broken clouds
650,Onalaska,US,2020-11-10 10:24:56,43.88,-91.24,39.2,86,90,12.75,moderate rain
651,Berbera,SO,2020-11-10 10:24:56,10.44,45.01,85.19,59,12,15.08,few clouds
652,Santana Do Livramento,BR,2020-11-10 10:24:57,-30.89,-55.53,63.03,89,94,6.82,overcast clouds
653,San Francisco,US,2020-11-10 10:20:04,37.77,-122.42,48.99,52,1,4.7,clear sky
654,Puerto Carreno,CO,2020-11-10 10:24:57,6.19,-67.49,73.99,87,76,3.02,broken clouds
655,Reporoa,NZ,2020-11-10 10:24:57,-38.43,176.35,55.99,99,100,2.86,light rain
656,Coruripe,BR,2020-11-10 10:24:58,-10.13,-36.18,78.76,77,6,13.44,light rain
657,Ambilobe,MG,2020-11-10 10:24:58,-13.2,49.05,98.62,29,66,3.27,broken clouds
658,Paka,MY,2020-11-10 10:24:58,4.64,103.44,84.2,83,40,3.36,scattered clouds
659,Fengrun,CN,2020-11-10 10:22:05,39.83,118.12,50.65,42,0,4.72,clear sky
660,Peniche,PT,2020-11-10 10:24:59,39.36,-9.38,60.01,94,0,1.01,clear sky
661,Henties Bay,NA,2020-11-10 10:24:59,-22.12,14.28,59.0,80,0,10.71,clear sky
662,Kikwit,CD,2020-11-10 10:24:59,-5.04,18.82,75.6,80,100,3.65,overcast clouds
663,Shubarshi,KZ,2020-11-10 10:24:59,48.59,57.19,42.17,59,82,13.44,broken clouds
664,Samarai,PG,2020-11-10 10:25:00,-10.62,150.67,80.24,81,87,10.27,light rain
665,Shirokiy,RU,2020-11-10 10:25:00,49.76,129.52,13.28,92,0,2.44,clear sky
666,Rognan,NO,2020-11-10 10:25:00,67.1,15.39,37.99,78,100,1.99,overcast clouds
667,Meihekou,CN,2020-11-10 10:25:01,42.53,125.68,34.7,82,0,8.84,clear sky
668,Chicama,PE,2020-11-10 10:25:01,-7.84,-79.15,58.89,87,71,1.23,broken clouds
669,Comodoro Rivadavia,AR,2020-11-10 10:25:02,-45.87,-67.5,51.8,81,0,5.7,clear sky
670,Presidencia Roque Saenz Pena,AR,2020-11-10 10:25:02,-26.79,-60.44,70.0,93,34,1.99,scattered clouds
671,Brae,GB,2020-11-10 10:25:02,60.4,-1.35,51.8,93,75,13.87,broken clouds
672,Tiarei,PF,2020-11-10 10:25:02,-17.53,-149.33,77.0,83,100,8.05,light rain
673,Muroto,JP,2020-11-10 10:25:03,33.28,134.15,53.6,62,20,8.05,few clouds
674,Zaragoza,ES,2020-11-10 10:21:44,41.66,-0.88,62.01,71,0,11.41,clear sky
675,Lata,PT,2020-11-10 10:25:03,40.16,-8.33,55.99,100,75,2.24,mist
676,Neustadt,DE,2020-11-10 10:25:04,49.71,12.09,39.99,93,90,2.51,mist
677,Aktau,KZ,2020-11-10 10:25:04,43.65,51.2,53.6,76,75,11.18,broken clouds
678,Salaberry-De-Valleyfield,CA,2020-11-10 10:25:04,45.25,-74.13,50.0,76,0,4.7,clear sky
679,Kaeo,NZ,2020-11-10 10:25:05,-35.1,173.78,55.99,87,8,5.01,clear sky
680,Kaduy,RU,2020-11-10 10:25:05,59.2,37.15,35.6,69,75,4.47,broken clouds
681,Altay,CN,2020-11-10 10:25:06,47.87,88.12,32.52,81,100,1.86,snow
682,Romilly-Sur-Seine,FR,2020-11-10 10:25:06,48.51,3.73,55.4,93,90,6.24,overcast clouds
683,La Palma,US,2020-11-10 10:25:06,33.85,-118.05,48.2,70,1,1.21,clear sky
684,Darhan,MN,2020-11-10 10:25:07,49.49,105.92,32.88,85,48,2.66,scattered clouds
685,Kapoeta,SS,2020-11-10 10:25:07,4.77,33.59,89.96,38,45,14.88,scattered clouds
686,Joshimath,IN,2020-11-10 10:25:07,30.57,79.57,60.64,31,98,6.13,overcast clouds
687,Kohlu,PK,2020-11-10 10:25:07,29.9,69.25,75.87,17,0,3.62,clear sky
688,Bagnols-Sur-Ceze,FR,2020-11-10 10:25:08,44.16,4.62,55.99,93,90,3.36,overcast clouds
689,Ixtapa,MX,2020-11-10 10:25:08,20.7,-105.2,75.99,84,64,1.01,broken clouds
690,Nador,MA,2020-11-10 10:25:09,35.17,-2.93,68.0,72,20,5.82,few clouds
691,Kosh-Agach,RU,2020-11-10 10:25:09,50.0,88.67,18.95,83,100,1.05,overcast clouds
692,Huilong,CN,2020-11-10 10:25:09,31.81,121.66,61.0,64,0,1.99,clear sky
693,Egvekinot,RU,2020-11-10 10:25:09,66.32,-179.17,22.08,94,85,22.32,overcast clouds
694,Mogadishu,SO,2020-11-10 10:22:43,2.04,45.34,82.87,71,38,9.53,moderate rain
695,Kita,ML,2020-11-10 10:25:10,13.03,-9.49,89.62,14,0,7.2,clear sky
696,Rincon,US,2020-11-10 10:22:27,32.3,-81.24,71.6,94,90,10.29,overcast clouds
697,Richmond,US,2020-11-10 10:24:24,37.55,-77.46,60.8,82,75,2.64,broken clouds
698,Fukue,JP,2020-11-10 10:25:10,32.69,128.84,55.4,62,40,5.82,scattered clouds
699,Cabinda,AO,2020-11-10 10:25:11,-5.55,12.2,82.4,78,40,4.7,scattered clouds
700,Boundiali,CI,2020-11-10 10:25:11,9.52,-6.49,87.21,34,0,3.31,clear sky
701,Kabwe,ZM,2020-11-10 10:25:12,-14.45,28.45,96.48,17,40,8.63,scattered clouds
702,Shingu,JP,2020-11-10 10:25:12,33.73,135.98,55.4,62,40,9.17,scattered clouds
703,Chibombo,ZM,2020-11-10 10:25:12,-14.66,28.07,97.72,17,49,8.43,scattered clouds
704,Mehamn,NO,2020-11-10 10:25:12,71.04,27.85,37.4,87,75,26.4,shower rain
705,Boyolangu,ID,2020-11-10 10:25:12,-8.12,111.89,80.24,76,99,8.68,overcast clouds
706,Davila,PH,2020-11-10 10:25:13,18.47,120.58,80.6,78,75,8.05,broken clouds
707,Nikko,JP,2020-11-10 10:25:13,36.75,139.62,36.93,76,1,5.17,clear sky
708,Mareeba,AU,2020-11-10 10:25:13,-17.0,145.43,77.0,73,90,9.17,overcast clouds
